discount_id,product_name,prices,original_prices,extra_discounts
1,200W Portable Power Station 220V LiFePO4 Battery Outdoor Camping Emergency Power Supply Solar Generator Battery Home Power Bank ,17088.69,,
2,200W Portable Power Station 220V Power Banks 64000mAh Powerful External Spare Battery Generator Powerbank for Outdoor Camping ,14590.66,,2.0
3,220V 60800mah Portable Power Station Camping Battery Solar Emergency Generator Power Bank for Self-driving Night Market Stall ,15572.49,,
4,Зарядные Станции 3000W 2000W 1000W 600W Portable Power Station Lifepo4 Lithium Battery Pure Sine Wave Emergency Solar Generator ,891470.21,,
5,120W 220V Portable Power Station 58000mAh Outdoor Emergency Storage Power Supply External Battery Solar Generator for Camping RV ,19347.17,,
6,Portable 5.5V Hand Generator USB ABS Outdoor Emergency Power Dynamo Bank Plastic Shell Crank Charging Tool Travel Charger ,6872.85,6872.85,
7,4 Portable Hand Crank Charger Mini Dynamo Generator for Travel and Outdoor Activities Never Run Out of Power 1 ,2197.94,,2.0
8,10KW 20KW Low Speed Permanent Magnet Generator 48V 96V 220V 380V 3 Phase AC Alternators Use For Motor Drive Water Wind Turbine ,985344.78,,3.0
9,2400W Portable power station Lithium Battery AC/DC Output Solar Generator Power Station Outdoor Camping RV travelling power bank ,6002168.57,,5.0
10,1pc USB Hand Crank Charger Generator Manual Dynamo Mobile Emergenc-y Charge Manual Charger Emergenc-y Outdoor Portable Tool ,1800.47,,
11,Generator Accessory Blade Garden Home Blades Small Set DIY Blade Manufacturing Accessories Mini Wind Turbine Blade ,1018.69,,
12,500W Portable Power Station Emergency Power Supply Charging Station 220v for Home 80000mah Power Bank Generator Battery Backup ,415419.27,,2.0
13,Power Generator USB Charger Portable Solar Power Station 24000mAh 20W Outdoor RV Camping Power Bank LED Light for Camping Travel ,144161.43,,
14,800W Solar Panel Kit Complete Camping Foldable Solar Power Station MPPT Portable Generator Charger 18V for Car Boat Caravan Camp ,148512.56,,
15,100W Portable Power Station 24000mAh LiFePO4 battery 220V/110V Solar Power Generator Outdoor Emergency Mobile Power Bank Camping ,145985.59,,5.0
16,IDMIX Power bank Magnetic wireless charging 10000mAh Portable with Bracket Power bank for iPhone 12 13 14 15 and Android Phone ,98733.75,,5.0
17,500W (600W peak) Portable Power Station 220V LiFePO4 Solar Generator 40000mAh USB Emergencies Battery Pack for Home Camping ,319199.35,,5.0
18,Protable Air Purifier Smoke Odor Negative Ion Generator Air Cleaner Household USB Free Shipping HEPA Replaceable Filter Choosen ,52345.29,124632.63,
19,Motor Metal 3V-24V Three-phase Alternator Three Phase DIY AC Micro Brushless Wind Power Hand Cranked Generator Motor ,5583.04,5583.04,2.0
20,42000mAh Generator Battery Charger Portable Emergency Power Inverter 150W 220V Outdoor Camping Power Bank ,566674.65,,5.0
21,1800W/1024Wh LiFePo4 Portable Solar Power Station Camping Outdoor Generators 110 220V Battery Backup Mobile 200W ETFE Solar Pane ,1261281.85,,1.0
22,30W Hand Crank Generator DC12V USB 5V Manual Generator Mobile Phone Charging Treasure High Power Outdoor Portable Power Supply ,167857.73,,
23,LifePo4 Battery зарядная станция 220 v 1200W 2400W 3000W Portable Power Station 630000mAh For Outdoor Camping Ukraine Warehouse ,889496,,5.0
24,5KW 10KW 20KW 48V 96V 120V 220V 380V Low RPM Permanent Magnet Generator 3 Phase AC Alternators Use For Motor Drive WaterTurbine ,619625.36,,3.0
25,Portable Power Station 42Ah-90Ah 150W 180W 300W Outdoor Emergency Power Supply Power Bank Generator DC output Battery Charger ,157936.08,,2.0
26,Portable Power Station 1000W Solar Generator 320000mAh 992Wh Lifepo4 Battery Energy Storage Supply Camping Campervan RV Outdoor ,1009712.22,,
27,Portable Power Station 220V 60800mah Camping Battery Solar Emergency Generator Power Bank for Self-driving Night Market Stall ,257675.34,,4.0
28,2600W Portable Power Station 1800W 1000W Solar Generator 600W LiFePo4 Batteries 220V Energy Storage Supply Camping Campervan RV ,323565.24,,
29,2600W AC Portable Power Station  2400W 2048wh 1800W 1024wh Camping LiFePo4 Backup Batteries 220V Solar Generator Outdoor RV Home ,1169928.91,,1.0
30,1800W Portable Power Station Solar Generator 320000mAh Lifepo4 Battery Energy Storage Supply Camping Campervan RV Outdoor UPS ,1425932.22,,
31,PURFIELD Portable Power 68000mAh 300W Station Generator Battery  Outdoor Charger Emergency Power Supply Power Bank AC DC output ,197874.76,,1.0
32,32000mAh Portable Power Station 110V/220V 180W Outdoor Emergency Power Supply Power Bank Generator DC output Battery Charger ,118452.06,,2.0
33,Portable Mini Wind Power Generators Kit Self-Generation Outdoor Phone Chargers ,14376.48,14376.48,
34,WindKing 5000W Wind Turbine Generator 5kw 3 Blades 12v 24v 48v Windmills Kits With MPPT Hybrid Charger Controller For Home Use ,1243746.63,,5.0
35,1024Wh Portable Power Station 1000W Solar Generator 320000mAh Lifepo4 Battery Energy Storage Supply Camping Campervan RV Outdoor ,1135987.57,,
36,30W Hand Crank Generator DC12V USB 5V Manual Generator Mobile Phone Charging Treasure High Power Outdoor Portable Power Supply ,167857.73,,
37,F50 Micro hydro DC Water Flow Pump Turbine Hydroelectric Power Energy Generator Pump Turbine Generator Hydroelectric Generator ,12255.84,12255.84,
38,OWON DGE2035 DGE2070 Waveform Signal Generator 70MHz 300MS/s 2CH 14bits 8k 3.6inch Multiple Waveform Output Modulation Functions ,269057.28,,
39,Outdoor RV Camping Power Bank 24000mAh USB Charger Solar Power Storage Generator System LED Light for Outdoors Travel RV Camper ,144153.52,,
40,Portable pedal generator ironless core brushless permanent magnet fitness power generation outdoor charging motorcycle ,280773.5,,
41,micro home small mini portable portable handheld inverter generator 1kw220V mute manual generator ,265927.23,,
42,12V Dual-Purpose Turbine Generator Outdoor Generator Usb Charger Wind Power Water Manual Household Manual Household ,137689.74,,2.0
43,Portable Power Generator 1000w Wind Turbine Generator 12v 24v With MPPT Controller Off Grid System Free Energy Windmill Home Use ,99920.89,,3.0
44,"Comes with a 4-Wire Power Bank, Compact, Lightweight, Large Capacity, Fast Charging, Universal Mobile Power Bank, 20000mAh ",22332.16,,5.0
45,300 watt aluminum alloy micro hydro generator 220 volt charging mobile phone lighting ,197157.83,,
46,Ctolity Power Station 1000w 220v AC RV Portable Energy Storage Power Supply Solar Generator Battery Ooutdoor Camping Campervan ,859947.74,,1.0
47,10W Micro Spiral Wind Generator Model Permanent Magnet Generator Wind Turbine Model Breeze Start Generator with LED Lights ,103205.97,,5.0
48,VARON 1-5 L Oxygen Concentrator Portable With Removable Battery For Home Travel 93% Purity Automatic Dual Oxygen Delivery Modes ,1324447.82,,5.0
49,Mobile Power Supply LED Light Solar Power Storage Generator System 24000mAh USB Charger Battery Power Storage for Camping Travel ,144161.43,,
50,Portable Power Generator All-Metal Reduction and Acceleration Gear Box 775 Motor Diy Small Production ,53961.49,,
51,950 gasoline engine with frame portable small gasoline generator household single phase 220V outdoor camping ,212266.1,,
52,220V Small Gasoline Generator Frequency Conversion 4kW High Power Low Noise Outdoor Construction Portable Portable ,789996.27,,
53,EPS1000 Portable Household Gasoline Generator Home Small Silent Generator Single Phase Gasoline Generator 1000W 220V 88CC 4.2L ,465613.22,,
54,1000W 320000mAh LiFePO4 Power Station for Camping RV Road Trip Outdoor Station1024Wh Portable Generation Backup Power Ouatge ,917166.4,,5.0
55,Micro Field Hydroelectric Generator Turbine Hydraulic Impact Household Small Portable Type Permanent Magnet Brushless Generator ,115811.9,,
56,Gasoline Generator Outdoor Household 2/3/5/6/8/10kw Small Portable Electric 110v/220v/380v ,395561.44,,
57,"AC220V 80cc 4L 2kw Portable Silent Inverter Gasoline Generator,Hand Pull Start,Digital display,Outdoor Camping Power Supply ",947616.48,,
58,POWERWIN BT100 12.8V 100Ah 1280Wh Built-in BMS LiFePO4 PI1200 Portable 1200W 12V EU Outlet 12V Pure Sine Wave LCD ,752784.44,,2.0
59,Wishcolor 50W 1-24V High-End Micro Wind Generator Kit Portable Wind Turbine Generator for Outdoor Uses Camping ,329033.5,,
60,16000mAh LiFePO4 Battery SKE Mini DC UPS 60W POE UPS Portable Uninterrupted Power Adapter Output DC POE For Wifi Router CCTV Cam ,174517.7,,
61,Gasoline Generator 220V2500W Frequency Conversion Silent Portable Small Outdoor Camping Stall Household ,964989.45,,
62,220V 2.2KW Household Small Portable Outdoor Manual Gasoline Generator AC Single-phase Camping Panel Dual Power Supply No Tire ,253116.7,,
63,Original Sales EU2000i 2000W Portable Generator ,1251288.96,,
64,Multi-function Portable Radio FM AM SW Rechargeable USB TF Play Outdoor Solar Wireless Speaker Bluetooth With FM Radio Receiver ,42642.74,,
65,300w Solar Generators Pure Sine Wave 110V 220V Portable Power Station 18650 Lithium Battery For Outdoor Camping ,339507.67,,2.0
66,220V 2.8KW 145CC Gasoline Generator Variable Frequency Portable Household Silent RV Outdoor Camping Charging ,1222869.08,,
67,Small Portable 2000 Watt Home gasoline Generator ,1560461.12,,
68,50000mAh large capacity power bank 22.5W built-in cable super fast charging outdoor camping emergency mobile power bank ,91924.06,,5.0
69,230V 4KW 224CC Gasoline Generator Household Silent Variable Frequency RV Outdoor Camping Mobile Portable Charging ,1722159.5,,
70,New design Silent Portable Power 650w 2.0HP Mini Engine Gasoline  Generator ,273671.64,,2.0
71,High Power Portable 5.5kw Chinese Gasoline Generator Mini Silent generator Gasoline Generators ,1368358.2,,2.0
72,Dual Fuel Inverter Generator Gasoline 4000W LPG/CNG/GAS Portable Silent Remote Start ,1766894.1,,2.0
73,5kw 6kw 7kw 8kw 9kw 10kw Petrol Generator Portable Generator Gasoline Generator ,2312447.44,,2.0
74,12V Solar Panel Kit Complete 600W Capacity Polycrystalline USB Power Portable Outdoor Rechargeable Solar Cell Generator for Home ,50236.84,55685.63,
75,Machine Electric Generator 3kw Silent Portable Alternator Electrical Start Gasoline Generator ,684179.1,,2.0
76,YUNYI Portable Gasoline Electric Generator for Home Standby 2KW 3kw 4kw 5kw 6000w 8000 Watt 220V Automatic Voltage Regulator 50/ ,1280758.95,,5.0
77,#YUNYI KBG3-2002 Portable silent  Power Gasoline Generator with wheel and handle on sale 3phase single phase ,2256116.9,,5.0
78,20KW Permanent Magnet Generator 220V 230V 380V 400 RPM Dynamo 30000W Alternator Quiet Generator With Driving Motor ,764104.51,,2.0
79,KY-Mach New Portable Home Use Electric  Portable 3KW 3000W Gas Generator Silent ,1293854.48,,5.0
80,##YUNYI China Silent Portable Power Alternator Electrical Start 110v 220v 7.5kva 5.5hp Engine Petrol Gasoline Generators 8500w ,2131847.53,,5.0
81,Silent Portable Gasoline Generator 1600W Super Efficient Electric Starter ,1574069.94,,2.0
82,Portable Generators Gasoline Water Pump Diesel Gasoline Generators ,1992582.13,,2.0
83,5KVA portable super silent single phase gasoline generator ,2085640.7,,2.0
84,Small Generator Three-phase AC Brushless Generator Low Power Wind Turbine Motor Mute Hand Cranked Generator LED Lamp 3-24V DIY ,17017.83,,3.0
85,2kw Gasoline Engine Portable Power Electric Gasoline Generator For Sale Cheap Price ,394840.2,,2.0
86,##YUNYI Hot Sale 1Kw 1Kva 1000W Silent Portable Electricity Generation Generators Air Cooled Gasoline Generator Parts Spare ,3330861.4,,5.0
87,##YUNYI China Portable Power 220V Electric 10kw 8500w 3000w 5kw Gasoline Generators Petrol Generators For Home ,6074684.92,,5.0
88,Negative Ions Air Purifier Ozone Generator Sterilization Refrigerator Odor Eliminator Formaldehy Smoke Gas Remover for Car Home ,26394.62,60810.66,
89,##YUNYI FF-3600 2.8KW  Portable High Power Outdoor Mini Household Electric Emergency Silent Gasoline Generator ,3908386.26,,5.0
90,"For Portable Inverter Generator，EPA Compliant, Eco-Mode Feature, Ultra Lightweight for Backup Home Use & Camping ",2315908.87,,5.0
91,Small and Silent 2.8kw Portable Manual Start Gasoline AC Generator ,1402567.15,,2.0
92,2KW 3kw 5kw 6000w 7kw 9kw watt portable gasoline electric generator for home standby ,3739347.28,,2.0
93,Wholesale Portable Super Quiet Pure Sine Wave 3.5kw 220v Digital Gasoline Inverter Generator ,1026268.65,,2.0
94,Original Smartgen HGM6110N HGM6120N 6110U 6120U 6120NC Display Control Pannel Generator Controller lxc6120n ,98928.53,,5.0
95,Gasoline Generator 15Hp Portable Silent Inverter Gasoline Generator Power Generator Inverter Gasoline 10000W ,1659134.31,,2.0
96,*Car 24v2500W Parking Air Conditioner Gasoline Generator Self-starting Frequency Conversion Silent Small Portable Portable ,804260.53,,
97,Generator Battery Charger Portable Emergency Pwer Station Outdoor Camping Power Bank Power Supply Inverter ,155698.65,,2.0
98,6000W 24V 48V Free Energy Off Grid System Horizontal Home Wind Turbines Wind Generator Power Windmil With MPPT Controllerl ,558456.63,,2.0
99,Portable Hand Crank Generator USB 5V/5W Small Appliances Charging Treasure Outdoor Mobile Phone Emergency Manual Generator ,68165.67,,
100,100W Foot-Operated Generator Portable Power Generator Hand Generator Rehabilitation Training Device Spinning Bike Fitness Geare ,373581.07,,
